,secs,nsecs,frame_id,files
0,1603863769,89112043,"""camera_color_left""",../data/images/frame0000.jpg
1,1603863769,192698955,"""camera_color_left""",../data/images/frame0001.jpg
2,1603863769,296443939,"""camera_color_left""",../data/images/frame0002.jpg
3,1603863769,400181055,"""camera_color_left""",../data/images/frame0003.jpg
4,1603863769,503798007,"""camera_color_left""",../data/images/frame0004.jpg
5,1603863769,607414007,"""camera_color_left""",../data/images/frame0005.jpg
6,1603863769,711162090,"""camera_color_left""",../data/images/frame0006.jpg
7,1603863769,814770936,"""camera_color_left""",../data/images/frame0007.jpg
8,1603863769,918503999,"""camera_color_left""",../data/images/frame0008.jpg
9,1603863770,22125005,"""camera_color_left""",../data/images/frame0009.jpg
10,1603863770,125868082,"""camera_color_left""",../data/images/frame0010.jpg
11,1603863770,229482889,"""camera_color_left""",../data/images/frame0011.jpg
12,1603863770,333219051,"""camera_color_left""",../data/images/frame0012.jpg
13,1603863770,436841011,"""camera_color_left""",../data/images/frame0013.jpg
14,1603863770,540452003,"""camera_color_left""",../data/images/frame0014.jpg
15,1603863770,644190073,"""camera_color_left""",../data/images/frame0015.jpg
16,1603863770,748034000,"""camera_color_left""",../data/images/frame0016.jpg
17,1603863770,851568937,"""camera_color_left""",../data/images/frame0017.jpg
18,1603863770,955286026,"""camera_color_left""",../data/images/frame0018.jpg
19,1603863771,58969974,"""camera_color_left""",../data/images/frame0019.jpg
20,1603863771,162642955,"""camera_color_left""",../data/images/frame0020.jpg
21,1603863771,266258955,"""camera_color_left""",../data/images/frame0021.jpg
22,1603863771,369870901,"""camera_color_left""",../data/images/frame0022.jpg
23,1603863771,473486900,"""camera_color_left""",../data/images/frame0023.jpg
24,1603863771,577126979,"""camera_color_left""",../data/images/frame0024.jpg
25,1603863771,680747032,"""camera_color_left""",../data/images/frame0025.jpg
26,1603863771,784457921,"""camera_color_left""",../data/images/frame0026.jpg
27,1603863771,888072967,"""camera_color_left""",../data/images/frame0027.jpg
28,1603863771,991689920,"""camera_color_left""",../data/images/frame0028.jpg
29,1603863772,95309019,"""camera_color_left""",../data/images/frame0029.jpg
30,1603863772,199090003,"""camera_color_left""",../data/images/frame0030.jpg
31,1603863772,302661895,"""camera_color_left""",../data/images/frame0031.jpg
32,1603863772,406404018,"""camera_color_left""",../data/images/frame0032.jpg
33,1603863772,510142087,"""camera_color_left""",../data/images/frame0033.jpg
34,1603863772,613760948,"""camera_color_left""",../data/images/frame0034.jpg
35,1603863772,717494964,"""camera_color_left""",../data/images/frame0035.jpg
36,1603863772,821114063,"""camera_color_left""",../data/images/frame0036.jpg
37,1603863772,924733877,"""camera_color_left""",../data/images/frame0037.jpg
38,1603863773,28347969,"""camera_color_left""",../data/images/frame0038.jpg
39,1603863773,132111072,"""camera_color_left""",../data/images/frame0039.jpg
40,1603863773,235704898,"""camera_color_left""",../data/images/frame0040.jpg
41,1603863773,339318990,"""camera_color_left""",../data/images/frame0041.jpg
42,1603863773,443063020,"""camera_color_left""",../data/images/frame0042.jpg
43,1603863773,546674966,"""camera_color_left""",../data/images/frame0043.jpg
44,1603863773,650434970,"""camera_color_left""",../data/images/frame0044.jpg
45,1603863773,754030942,"""camera_color_left""",../data/images/frame0045.jpg
46,1603863773,857773065,"""camera_color_left""",../data/images/frame0046.jpg
47,1603863773,961386919,"""camera_color_left""",../data/images/frame0047.jpg
48,1603863774,65123081,"""camera_color_left""",../data/images/frame0048.jpg
49,1603863774,168742895,"""camera_color_left""",../data/images/frame0049.jpg
50,1603863774,272480010,"""camera_color_left""",../data/images/frame0050.jpg
51,1603863774,376096963,"""camera_color_left""",../data/images/frame0051.jpg
52,1603863774,479861021,"""camera_color_left""",../data/images/frame0052.jpg
53,1603863774,583585023,"""camera_color_left""",../data/images/frame0053.jpg
54,1603863774,687193870,"""camera_color_left""",../data/images/frame0054.jpg
55,1603863774,790942907,"""camera_color_left""",../data/images/frame0055.jpg
56,1603863774,894551992,"""camera_color_left""",../data/images/frame0056.jpg
57,1603863774,998164892,"""camera_color_left""",../data/images/frame0057.jpg
58,1603863775,101907014,"""camera_color_left""",../data/images/frame0058.jpg
59,1603863775,205524921,"""camera_color_left""",../data/images/frame0059.jpg
60,1603863775,309135913,"""camera_color_left""",../data/images/frame0060.jpg
61,1603863775,412750959,"""camera_color_left""",../data/images/frame0061.jpg
62,1603863775,516369104,"""camera_color_left""",../data/images/frame0062.jpg
63,1603863775,619987964,"""camera_color_left""",../data/images/frame0063.jpg
64,1603863775,723598003,"""camera_color_left""",../data/images/frame0064.jpg
65,1603863775,827346086,"""camera_color_left""",../data/images/frame0065.jpg
66,1603863775,930955886,"""camera_color_left""",../data/images/frame0066.jpg
67,1603863776,34694910,"""camera_color_left""",../data/images/frame0067.jpg
68,1603863776,138313055,"""camera_color_left""",../data/images/frame0068.jpg
69,1603863776,242050886,"""camera_color_left""",../data/images/frame0069.jpg
70,1603863776,345671892,"""camera_color_left""",../data/images/frame0070.jpg
71,1603863776,449304103,"""camera_color_left""",../data/images/frame0071.jpg
72,1603863776,553049087,"""camera_color_left""",../data/images/frame0072.jpg
73,1603863776,656640052,"""camera_color_left""",../data/images/frame0073.jpg
74,1603863776,760376930,"""camera_color_left""",../data/images/frame0074.jpg
75,1603863776,863996982,"""camera_color_left""",../data/images/frame0075.jpg
76,1603863776,967604875,"""camera_color_left""",../data/images/frame0076.jpg
77,1603863777,71363925,"""camera_color_left""",../data/images/frame0077.jpg
78,1603863777,175091981,"""camera_color_left""",../data/images/frame0078.jpg
79,1603863777,278713941,"""camera_color_left""",../data/images/frame0079.jpg
80,1603863777,382448911,"""camera_color_left""",../data/images/frame0080.jpg
81,1603863777,486187934,"""camera_color_left""",../data/images/frame0081.jpg
82,1603863777,589951038,"""camera_color_left""",../data/images/frame0082.jpg
83,1603863777,693789005,"""camera_color_left""",../data/images/frame0083.jpg
84,1603863777,797544002,"""camera_color_left""",../data/images/frame0084.jpg
85,1603863777,901431083,"""camera_color_left""",../data/images/frame0085.jpg
86,1603863778,5260944,"""camera_color_left""",../data/images/frame0086.jpg
87,1603863778,109132051,"""camera_color_left""",../data/images/frame0087.jpg
88,1603863778,213032007,"""camera_color_left""",../data/images/frame0088.jpg
89,1603863778,316861867,"""camera_color_left""",../data/images/frame0089.jpg
90,1603863778,420871973,"""camera_color_left""",../data/images/frame0090.jpg
91,1603863778,524842023,"""camera_color_left""",../data/images/frame0091.jpg
92,1603863778,628832101,"""camera_color_left""",../data/images/frame0092.jpg
93,1603863778,732821941,"""camera_color_left""",../data/images/frame0093.jpg
94,1603863778,836812019,"""camera_color_left""",../data/images/frame0094.jpg
95,1603863778,940952062,"""camera_color_left""",../data/images/frame0095.jpg
96,1603863779,44921875,"""camera_color_left""",../data/images/frame0096.jpg
97,1603863779,148792028,"""camera_color_left""",../data/images/frame0097.jpg
98,1603863779,252772092,"""camera_color_left""",../data/images/frame0098.jpg
99,1603863779,356512069,"""camera_color_left""",../data/images/frame0099.jpg
100,1603863779,460381984,"""camera_color_left""",../data/images/frame0100.jpg
101,1603863779,564121961,"""camera_color_left""",../data/images/frame0101.jpg
102,1603863779,667732000,"""camera_color_left""",../data/images/frame0102.jpg
103,1603863779,771471977,"""camera_color_left""",../data/images/frame0103.jpg
104,1603863779,874972105,"""camera_color_left""",../data/images/frame0104.jpg
105,1603863779,978581905,"""camera_color_left""",../data/images/frame0105.jpg
106,1603863780,82201957,"""camera_color_left""",../data/images/frame0106.jpg
107,1603863780,185811996,"""camera_color_left""",../data/images/frame0107.jpg
108,1603863780,289301872,"""camera_color_left""",../data/images/frame0108.jpg
109,1603863780,392802000,"""camera_color_left""",../data/images/frame0109.jpg
110,1603863780,496311902,"""camera_color_left""",../data/images/frame0110.jpg
111,1603863780,599871873,"""camera_color_left""",../data/images/frame0111.jpg
112,1603863780,703272104,"""camera_color_left""",../data/images/frame0112.jpg
113,1603863780,806891918,"""camera_color_left""",../data/images/frame0113.jpg
114,1603863780,910261869,"""camera_color_left""",../data/images/frame0114.jpg
115,1603863781,13871908,"""camera_color_left""",../data/images/frame0115.jpg
116,1603863781,117402076,"""camera_color_left""",../data/images/frame0116.jpg
117,1603863781,220972061,"""camera_color_left""",../data/images/frame0117.jpg
118,1603863781,324552059,"""camera_color_left""",../data/images/frame0118.jpg
119,1603863781,428081989,"""camera_color_left""",../data/images/frame0119.jpg
120,1603863781,531702041,"""camera_color_left""",../data/images/frame0120.jpg
121,1603863781,635312080,"""camera_color_left""",../data/images/frame0121.jpg
122,1603863781,738921880,"""camera_color_left""",../data/images/frame0122.jpg
123,1603863781,842541933,"""camera_color_left""",../data/images/frame0123.jpg
124,1603863781,946151971,"""camera_color_left""",../data/images/frame0124.jpg
125,1603863782,49871921,"""camera_color_left""",../data/images/frame0125.jpg
126,1603863782,153501987,"""camera_color_left""",../data/images/frame0126.jpg
127,1603863782,257122039,"""camera_color_left""",../data/images/frame0127.jpg
128,1603863782,360742092,"""camera_color_left""",../data/images/frame0128.jpg
129,1603863782,464472055,"""camera_color_left""",../data/images/frame0129.jpg
130,1603863782,568091869,"""camera_color_left""",../data/images/frame0130.jpg
131,1603863782,671881914,"""camera_color_left""",../data/images/frame0131.jpg
132,1603863782,775461912,"""camera_color_left""",../data/images/frame0132.jpg
133,1603863782,879061937,"""camera_color_left""",../data/images/frame0133.jpg
134,1603863782,982681989,"""camera_color_left""",../data/images/frame0134.jpg
135,1603863783,86302042,"""camera_color_left""",../data/images/frame0135.jpg
136,1603863783,190042018,"""camera_color_left""",../data/images/frame0136.jpg
137,1603863783,293652057,"""camera_color_left""",../data/images/frame0137.jpg
138,1603863783,397281885,"""camera_color_left""",../data/images/frame0138.jpg
139,1603863783,501012086,"""camera_color_left""",../data/images/frame0139.jpg
140,1603863783,604752063,"""camera_color_left""",../data/images/frame0140.jpg
141,1603863783,708371877,"""camera_color_left""",../data/images/frame0141.jpg
142,1603863783,812102079,"""camera_color_left""",../data/images/frame0142.jpg
143,1603863783,915842056,"""camera_color_left""",../data/images/frame0143.jpg
144,1603863784,19592046,"""camera_color_left""",../data/images/frame0144.jpg
145,1603863784,123221874,"""camera_color_left""",../data/images/frame0145.jpg
146,1603863784,226942062,"""camera_color_left""",../data/images/frame0146.jpg
147,1603863784,330651998,"""camera_color_left""",../data/images/frame0147.jpg
148,1603863784,434292078,"""camera_color_left""",../data/images/frame0148.jpg
149,1603863784,537911891,"""camera_color_left""",../data/images/frame0149.jpg
150,1603863784,641531944,"""camera_color_left""",../data/images/frame0150.jpg
151,1603863784,745291948,"""camera_color_left""",../data/images/frame0151.jpg
152,1603863784,848881959,"""camera_color_left""",../data/images/frame0152.jpg
153,1603863784,952631950,"""camera_color_left""",../data/images/frame0153.jpg
154,1603863785,56391954,"""camera_color_left""",../data/images/frame0154.jpg
155,1603863785,160101890,"""camera_color_left""",../data/images/frame0155.jpg
156,1603863785,263851881,"""camera_color_left""",../data/images/frame0156.jpg
157,1603863785,367592096,"""camera_color_left""",../data/images/frame0157.jpg
158,1603863785,471352100,"""camera_color_left""",../data/images/frame0158.jpg
159,1603863785,575072050,"""camera_color_left""",../data/images/frame0159.jpg
160,1603863785,678682088,"""camera_color_left""",../data/images/frame0160.jpg
161,1603863785,782422065,"""camera_color_left""",../data/images/frame0161.jpg
162,1603863785,886041879,"""camera_color_left""",../data/images/frame0162.jpg
163,1603863785,989661931,"""camera_color_left""",../data/images/frame0163.jpg
164,1603863786,93401908,"""camera_color_left""",../data/images/frame0164.jpg
165,1603863786,197021961,"""camera_color_left""",../data/images/frame0165.jpg
166,1603863786,300751924,"""camera_color_left""",../data/images/frame0166.jpg
167,1603863786,404371976,"""camera_color_left""",../data/images/frame0167.jpg
168,1603863786,508131980,"""camera_color_left""",../data/images/frame0168.jpg
169,1603863786,611772060,"""camera_color_left""",../data/images/frame0169.jpg
170,1603863786,715461969,"""camera_color_left""",../data/images/frame0170.jpg
171,1603863786,819082021,"""camera_color_left""",../data/images/frame0171.jpg
172,1603863786,922692060,"""camera_color_left""",../data/images/frame0172.jpg
173,1603863787,26311874,"""camera_color_left""",../data/images/frame0173.jpg
174,1603863787,129921913,"""camera_color_left""",../data/images/frame0174.jpg
175,1603863787,233612060,"""camera_color_left""",../data/images/frame0175.jpg
176,1603863787,337222099,"""camera_color_left""",../data/images/frame0176.jpg
177,1603863787,440881967,"""camera_color_left""",../data/images/frame0177.jpg
178,1603863787,544441938,"""camera_color_left""",../data/images/frame0178.jpg
179,1603863787,648001909,"""camera_color_left""",../data/images/frame0179.jpg
180,1603863787,751611948,"""camera_color_left""",../data/images/frame0180.jpg
181,1603863787,855112075,"""camera_color_left""",../data/images/frame0181.jpg
182,1603863787,958721876,"""camera_color_left""",../data/images/frame0182.jpg
183,1603863788,62222003,"""camera_color_left""",../data/images/frame0183.jpg
184,1603863788,165702104,"""camera_color_left""",../data/images/frame0184.jpg
185,1603863788,269341945,"""camera_color_left""",../data/images/frame0185.jpg
186,1603863788,372812032,"""camera_color_left""",../data/images/frame0186.jpg
187,1603863788,476301908,"""camera_color_left""",../data/images/frame0187.jpg
188,1603863788,579672098,"""camera_color_left""",../data/images/frame0188.jpg
189,1603863788,683161973,"""camera_color_left""",../data/images/frame0189.jpg
190,1603863788,786642074,"""camera_color_left""",../data/images/frame0190.jpg
191,1603863788,890161991,"""camera_color_left""",../data/images/frame0191.jpg
192,1603863788,993711948,"""camera_color_left""",../data/images/frame0192.jpg
193,1603863789,97222089,"""camera_color_left""",../data/images/frame0193.jpg
194,1603863789,200572013,"""camera_color_left""",../data/images/frame0194.jpg
195,1603863789,304101943,"""camera_color_left""",../data/images/frame0195.jpg
196,1603863789,407641887,"""camera_color_left""",../data/images/frame0196.jpg
197,1603863789,511202096,"""camera_color_left""",../data/images/frame0197.jpg
198,1603863789,614922046,"""camera_color_left""",../data/images/frame0198.jpg
199,1603863789,718561887,"""camera_color_left""",../data/images/frame0199.jpg
200,1603863789,822302103,"""camera_color_left""",../data/images/frame0200.jpg
201,1603863789,926151990,"""camera_color_left""",../data/images/frame0201.jpg
202,1603863790,29911994,"""camera_color_left""",../data/images/frame0202.jpg
203,1603863790,133641958,"""camera_color_left""",../data/images/frame0203.jpg
204,1603863790,237511873,"""camera_color_left""",../data/images/frame0204.jpg
205,1603863790,341372013,"""camera_color_left""",../data/images/frame0205.jpg
206,1603863790,445372104,"""camera_color_left""",../data/images/frame0206.jpg
207,1603863790,549361944,"""camera_color_left""",../data/images/frame0207.jpg
208,1603863790,653491973,"""camera_color_left""",../data/images/frame0208.jpg
209,1603863790,757711887,"""camera_color_left""",../data/images/frame0209.jpg
210,1603863790,861841917,"""camera_color_left""",../data/images/frame0210.jpg
211,1603863790,965862035,"""camera_color_left""",../data/images/frame0211.jpg
212,1603863791,69812059,"""camera_color_left""",../data/images/frame0212.jpg
213,1603863791,173922061,"""camera_color_left""",../data/images/frame0213.jpg
214,1603863791,277911901,"""camera_color_left""",../data/images/frame0214.jpg
215,1603863791,381901979,"""camera_color_left""",../data/images/frame0215.jpg
216,1603863791,485801935,"""camera_color_left""",../data/images/frame0216.jpg
217,1603863791,589761972,"""camera_color_left""",../data/images/frame0217.jpg
218,1603863791,693631887,"""camera_color_left""",../data/images/frame0218.jpg
219,1603863791,797391891,"""camera_color_left""",../data/images/frame0219.jpg
220,1603863791,901191949,"""camera_color_left""",../data/images/frame0220.jpg
221,1603863792,4852056,"""camera_color_left""",../data/images/frame0221.jpg
222,1603863792,108622074,"""camera_color_left""",../data/images/frame0222.jpg
223,1603863792,212212085,"""camera_color_left""",../data/images/frame0223.jpg
224,1603863792,316161870,"""camera_color_left""",../data/images/frame0224.jpg
225,1603863792,419471979,"""camera_color_left""",../data/images/frame0225.jpg
226,1603863792,523201942,"""camera_color_left""",../data/images/frame0226.jpg
227,1603863792,626761913,"""camera_color_left""",../data/images/frame0227.jpg
228,1603863792,730302095,"""camera_color_left""",../data/images/frame0228.jpg
229,1603863792,834032058,"""camera_color_left""",../data/images/frame0229.jpg
230,1603863792,937671899,"""camera_color_left""",../data/images/frame0230.jpg
231,1603863793,41332006,"""camera_color_left""",../data/images/frame0231.jpg
232,1603863793,144871950,"""camera_color_left""",../data/images/frame0232.jpg
233,1603863793,248522043,"""camera_color_left""",../data/images/frame0233.jpg
234,1603863793,352102041,"""camera_color_left""",../data/images/frame0234.jpg
235,1603863793,455842018,"""camera_color_left""",../data/images/frame0235.jpg
236,1603863793,559452056,"""camera_color_left""",../data/images/frame0236.jpg
237,1603863793,663081884,"""camera_color_left""",../data/images/frame0237.jpg
238,1603863793,766831874,"""camera_color_left""",../data/images/frame0238.jpg
239,1603863793,870421886,"""camera_color_left""",../data/images/frame0239.jpg
240,1603863793,974181890,"""camera_color_left""",../data/images/frame0240.jpg
241,1603863794,77882051,"""camera_color_left""",../data/images/frame0241.jpg
242,1603863794,181432008,"""camera_color_left""",../data/images/frame0242.jpg
243,1603863794,285192012,"""camera_color_left""",../data/images/frame0243.jpg
244,1603863794,388751983,"""camera_color_left""",../data/images/frame0244.jpg
245,1603863794,492542028,"""camera_color_left""",../data/images/frame0245.jpg
246,1603863794,596251964,"""camera_color_left""",../data/images/frame0246.jpg
247,1603863794,699872016,"""camera_color_left""",../data/images/frame0247.jpg
248,1603863794,803462028,"""camera_color_left""",../data/images/frame0248.jpg
249,1603863794,907082080,"""camera_color_left""",../data/images/frame0249.jpg
250,1603863795,10701894,"""camera_color_left""",../data/images/frame0250.jpg
251,1603863795,114432096,"""camera_color_left""",../data/images/frame0251.jpg
252,1603863795,218071937,"""camera_color_left""",../data/images/frame0252.jpg
253,1603863795,321671962,"""camera_color_left""",../data/images/frame0253.jpg
254,1603863795,425431966,"""camera_color_left""",../data/images/frame0254.jpg
255,1603863795,529072046,"""camera_color_left""",../data/images/frame0255.jpg
256,1603863795,632642030,"""camera_color_left""",../data/images/frame0256.jpg
257,1603863795,736272096,"""camera_color_left""",../data/images/frame0257.jpg
258,1603863795,839901924,"""camera_color_left""",../data/images/frame0258.jpg
259,1603863795,943481922,"""camera_color_left""",../data/images/frame0259.jpg
260,1603863796,47302007,"""camera_color_left""",../data/images/frame0260.jpg
261,1603863796,150851964,"""camera_color_left""",../data/images/frame0261.jpg
262,1603863796,254482030,"""camera_color_left""",../data/images/frame0262.jpg
263,1603863796,358072042,"""camera_color_left""",../data/images/frame0263.jpg
264,1603863796,461832046,"""camera_color_left""",../data/images/frame0264.jpg
265,1603863796,565432071,"""camera_color_left""",../data/images/frame0265.jpg
266,1603863796,669041872,"""camera_color_left""",../data/images/frame0266.jpg
267,1603863796,774482011,"""camera_color_left""",../data/images/frame0267.jpg
268,1603863796,876421928,"""camera_color_left""",../data/images/frame0268.jpg
269,1603863796,980141878,"""camera_color_left""",../data/images/frame0269.jpg
270,1603863797,83761930,"""camera_color_left""",../data/images/frame0270.jpg
271,1603863797,187501907,"""camera_color_left""",../data/images/frame0271.jpg
272,1603863797,291111946,"""camera_color_left""",../data/images/frame0272.jpg
273,1603863797,394731998,"""camera_color_left""",../data/images/frame0273.jpg
274,1603863797,498342037,"""camera_color_left""",../data/images/frame0274.jpg
275,1603863797,601962089,"""camera_color_left""",../data/images/frame0275.jpg
276,1603863797,705621957,"""camera_color_left""",../data/images/frame0276.jpg
277,1603863797,809321880,"""camera_color_left""",../data/images/frame0277.jpg
278,1603863797,913081884,"""camera_color_left""",../data/images/frame0278.jpg
279,1603863798,16822099,"""camera_color_left""",../data/images/frame0279.jpg
280,1603863798,120411872,"""camera_color_left""",../data/images/frame0280.jpg
281,1603863798,224201917,"""camera_color_left""",../data/images/frame0281.jpg
282,1603863798,327902078,"""camera_color_left""",../data/images/frame0282.jpg
283,1603863798,431511878,"""camera_color_left""",../data/images/frame0283.jpg
284,1603863798,535252094,"""camera_color_left""",../data/images/frame0284.jpg
285,1603863798,638871908,"""camera_color_left""",../data/images/frame0285.jpg
286,1603863798,742601871,"""camera_color_left""",../data/images/frame0286.jpg
287,1603863798,846251964,"""camera_color_left""",../data/images/frame0287.jpg
288,1603863798,949841976,"""camera_color_left""",../data/images/frame0288.jpg
289,1603863799,53581953,"""camera_color_left""",../data/images/frame0289.jpg
290,1603863799,157212018,"""camera_color_left""",../data/images/frame0290.jpg
291,1603863799,260812044,"""camera_color_left""",../data/images/frame0291.jpg
292,1603863799,364552021,"""camera_color_left""",../data/images/frame0292.jpg
293,1603863799,468401908,"""camera_color_left""",../data/images/frame0293.jpg
294,1603863799,572262048,"""camera_color_left""",../data/images/frame0294.jpg
295,1603863799,675621986,"""camera_color_left""",../data/images/frame0295.jpg
296,1603863799,779141902,"""camera_color_left""",../data/images/frame0296.jpg
297,1603863799,882891893,"""camera_color_left""",../data/images/frame0297.jpg
298,1603863799,986501932,"""camera_color_left""",../data/images/frame0298.jpg
299,1603863800,90241909,"""camera_color_left""",../data/images/frame0299.jpg
300,1603863800,193851947,"""camera_color_left""",../data/images/frame0300.jpg
301,1603863800,297461986,"""camera_color_left""",../data/images/frame0301.jpg
302,1603863800,401082038,"""camera_color_left""",../data/images/frame0302.jpg
303,1603863800,504862070,"""camera_color_left""",../data/images/frame0303.jpg
304,1603863800,608442068,"""camera_color_left""",../data/images/frame0304.jpg
305,1603863800,712182044,"""camera_color_left""",../data/images/frame0305.jpg
306,1603863800,815932035,"""camera_color_left""",../data/images/frame0306.jpg
307,1603863800,919672012,"""camera_color_left""",../data/images/frame0307.jpg
308,1603863801,23401975,"""camera_color_left""",../data/images/frame0308.jpg
309,1603863801,127032041,"""camera_color_left""",../data/images/frame0309.jpg
310,1603863801,230762004,"""camera_color_left""",../data/images/frame0310.jpg
311,1603863801,334511995,"""camera_color_left""",../data/images/frame0311.jpg
312,1603863801,438231945,"""camera_color_left""",../data/images/frame0312.jpg
313,1603863801,541981935,"""camera_color_left""",../data/images/frame0313.jpg
314,1603863801,645761966,"""camera_color_left""",../data/images/frame0314.jpg
315,1603863801,749331951,"""camera_color_left""",../data/images/frame0315.jpg
316,1603863801,853071928,"""camera_color_left""",../data/images/frame0316.jpg
317,1603863801,956811904,"""camera_color_left""",../data/images/frame0317.jpg
318,1603863802,60551881,"""camera_color_left""",../data/images/frame0318.jpg
319,1603863802,164292097,"""camera_color_left""",../data/images/frame0319.jpg
320,1603863802,268042087,"""camera_color_left""",../data/images/frame0320.jpg
321,1603863802,371772050,"""camera_color_left""",../data/images/frame0321.jpg
322,1603863802,475542068,"""camera_color_left""",../data/images/frame0322.jpg
323,1603863802,579142093,"""camera_color_left""",../data/images/frame0323.jpg
324,1603863802,682872056,"""camera_color_left""",../data/images/frame0324.jpg
325,1603863802,786501884,"""camera_color_left""",../data/images/frame0325.jpg
326,1603863802,890101909,"""camera_color_left""",../data/images/frame0326.jpg
327,1603863802,993721961,"""camera_color_left""",../data/images/frame0327.jpg
328,1603863803,97461938,"""camera_color_left""",../data/images/frame0328.jpg
329,1603863803,201071977,"""camera_color_left""",../data/images/frame0329.jpg
330,1603863803,304712057,"""camera_color_left""",../data/images/frame0330.jpg
331,1603863803,408432006,"""camera_color_left""",../data/images/frame0331.jpg
332,1603863803,512052059,"""camera_color_left""",../data/images/frame0332.jpg
333,1603863803,615822076,"""camera_color_left""",../data/images/frame0333.jpg
334,1603863803,719402074,"""camera_color_left""",../data/images/frame0334.jpg
335,1603863803,823142051,"""camera_color_left""",../data/images/frame0335.jpg
336,1603863803,926882028,"""camera_color_left""",../data/images/frame0336.jpg
337,1603863804,30502080,"""camera_color_left""",../data/images/frame0337.jpg
338,1603863804,134281873,"""camera_color_left""",../data/images/frame0338.jpg
339,1603863804,237982034,"""camera_color_left""",../data/images/frame0339.jpg
340,1603863804,341701984,"""camera_color_left""",../data/images/frame0340.jpg
341,1603863804,445421934,"""camera_color_left""",../data/images/frame0341.jpg
342,1603863804,549082040,"""camera_color_left""",../data/images/frame0342.jpg
343,1603863804,652692079,"""camera_color_left""",../data/images/frame0343.jpg
344,1603863804,756561994,"""camera_color_left""",../data/images/frame0344.jpg
345,1603863804,860192060,"""camera_color_left""",../data/images/frame0345.jpg
346,1603863804,963972091,"""camera_color_left""",../data/images/frame0346.jpg
347,1603863805,67682027,"""camera_color_left""",../data/images/frame0347.jpg
348,1603863805,171262025,"""camera_color_left""",../data/images/frame0348.jpg
349,1603863805,275012016,"""camera_color_left""",../data/images/frame0349.jpg
350,1603863805,378632068,"""camera_color_left""",../data/images/frame0350.jpg
351,1603863805,482362031,"""camera_color_left""",../data/images/frame0351.jpg
352,1603863805,585982084,"""camera_color_left""",../data/images/frame0352.jpg
353,1603863805,689591884,"""camera_color_left""",../data/images/frame0353.jpg
354,1603863805,793231964,"""camera_color_left""",../data/images/frame0354.jpg
355,1603863805,896951913,"""camera_color_left""",../data/images/frame0355.jpg
356,1603863806,561952,"""camera_color_left""",../data/images/frame0356.jpg
357,1603863806,104511976,"""camera_color_left""",../data/images/frame0357.jpg
358,1603863806,207921981,"""camera_color_left""",../data/images/frame0358.jpg
359,1603863806,311872005,"""camera_color_left""",../data/images/frame0359.jpg
360,1603863806,415142059,"""camera_color_left""",../data/images/frame0360.jpg
361,1603863806,518771886,"""camera_color_left""",../data/images/frame0361.jpg
362,1603863806,622431993,"""camera_color_left""",../data/images/frame0362.jpg
363,1603863806,726011991,"""camera_color_left""",../data/images/frame0363.jpg
364,1603863806,829662084,"""camera_color_left""",../data/images/frame0364.jpg
365,1603863806,933261871,"""camera_color_left""",../data/images/frame0365.jpg
366,1603863807,36921977,"""camera_color_left""",../data/images/frame0366.jpg
367,1603863807,140501976,"""camera_color_left""",../data/images/frame0367.jpg
368,1603863807,244221925,"""camera_color_left""",../data/images/frame0368.jpg
369,1603863807,347922086,"""camera_color_left""",../data/images/frame0369.jpg
370,1603863807,451521873,"""camera_color_left""",../data/images/frame0370.jpg
371,1603863807,555181980,"""camera_color_left""",../data/images/frame0371.jpg
372,1603863807,658931970,"""camera_color_left""",../data/images/frame0372.jpg
373,1603863807,762592077,"""camera_color_left""",../data/images/frame0373.jpg
374,1603863807,866362094,"""camera_color_left""",../data/images/frame0374.jpg
375,1603863807,970011949,"""camera_color_left""",../data/images/frame0375.jpg
376,1603863808,73642015,"""camera_color_left""",../data/images/frame0376.jpg
377,1603863808,177381992,"""camera_color_left""",../data/images/frame0377.jpg
378,1603863808,281162023,"""camera_color_left""",../data/images/frame0378.jpg
379,1603863808,384762048,"""camera_color_left""",../data/images/frame0379.jpg
380,1603863808,488471984,"""camera_color_left""",../data/images/frame0380.jpg
381,1603863808,592201948,"""camera_color_left""",../data/images/frame0381.jpg
382,1603863808,695822000,"""camera_color_left""",../data/images/frame0382.jpg
383,1603863808,799551963,"""camera_color_left""",../data/images/frame0383.jpg
384,1603863808,903182029,"""camera_color_left""",../data/images/frame0384.jpg
385,1603863809,6922006,"""camera_color_left""",../data/images/frame0385.jpg
386,1603863809,110651969,"""camera_color_left""",../data/images/frame0386.jpg
387,1603863809,214292049,"""camera_color_left""",../data/images/frame0387.jpg
388,1603863809,318011999,"""camera_color_left""",../data/images/frame0388.jpg
389,1603863809,422561883,"""camera_color_left""",../data/images/frame0389.jpg
390,1603863809,525471925,"""camera_color_left""",../data/images/frame0390.jpg
391,1603863809,628992080,"""camera_color_left""",../data/images/frame0391.jpg
392,1603863809,732722043,"""camera_color_left""",../data/images/frame0392.jpg
393,1603863809,836462020,"""camera_color_left""",../data/images/frame0393.jpg
394,1603863809,939882040,"""camera_color_left""",../data/images/frame0394.jpg
395,1603863810,43601989,"""camera_color_left""",../data/images/frame0395.jpg
396,1603863810,147001981,"""camera_color_left""",../data/images/frame0396.jpg
397,1603863810,250462055,"""camera_color_left""",../data/images/frame0397.jpg
398,1603863810,354042053,"""camera_color_left""",../data/images/frame0398.jpg
399,1603863810,457531929,"""camera_color_left""",../data/images/frame0399.jpg
400,1603863810,561052083,"""camera_color_left""",../data/images/frame0400.jpg
401,1603863810,664551973,"""camera_color_left""",../data/images/frame0401.jpg
402,1603863810,768022060,"""camera_color_left""",../data/images/frame0402.jpg
403,1603863810,871521949,"""camera_color_left""",../data/images/frame0403.jpg
404,1603863810,974852085,"""camera_color_left""",../data/images/frame0404.jpg
405,1603863811,78392028,"""camera_color_left""",../data/images/frame0405.jpg
406,1603863811,181852102,"""camera_color_left""",../data/images/frame0406.jpg
407,1603863811,285232067,"""camera_color_left""",../data/images/frame0407.jpg
408,1603863811,388721942,"""camera_color_left""",../data/images/frame0408.jpg
409,1603863811,492251873,"""camera_color_left""",../data/images/frame0409.jpg
410,1603863811,595701932,"""camera_color_left""",../data/images/frame0410.jpg
411,1603863811,699352025,"""camera_color_left""",../data/images/frame0411.jpg
412,1603863811,802911996,"""camera_color_left""",../data/images/frame0412.jpg
413,1603863811,906552076,"""camera_color_left""",../data/images/frame0413.jpg
414,1603863812,10161876,"""camera_color_left""",../data/images/frame0414.jpg
415,1603863812,113882064,"""camera_color_left""",../data/images/frame0415.jpg
416,1603863812,217622041,"""camera_color_left""",../data/images/frame0416.jpg
417,1603863812,321111917,"""camera_color_left""",../data/images/frame0417.jpg
418,1603863812,424942016,"""camera_color_left""",../data/images/frame0418.jpg
419,1603863812,528471946,"""camera_color_left""",../data/images/frame0419.jpg
420,1603863812,632231950,"""camera_color_left""",../data/images/frame0420.jpg
421,1603863812,735951900,"""camera_color_left""",../data/images/frame0421.jpg
422,1603863812,839691877,"""camera_color_left""",../data/images/frame0422.jpg
423,1603863812,943562030,"""camera_color_left""",../data/images/frame0423.jpg
424,1603863813,47291994,"""camera_color_left""",../data/images/frame0424.jpg
425,1603863813,151161909,"""camera_color_left""",../data/images/frame0425.jpg
426,1603863813,255562067,"""camera_color_left""",../data/images/frame0426.jpg
427,1603863813,359132051,"""camera_color_left""",../data/images/frame0427.jpg
428,1603863813,462882041,"""camera_color_left""",../data/images/frame0428.jpg
429,1603863813,567051887,"""camera_color_left""",../data/images/frame0429.jpg
430,1603863813,670762062,"""camera_color_left""",../data/images/frame0430.jpg
431,1603863813,774741888,"""camera_color_left""",../data/images/frame0431.jpg
432,1603863813,878711938,"""camera_color_left""",../data/images/frame0432.jpg
433,1603863813,982712030,"""camera_color_left""",../data/images/frame0433.jpg
434,1603863814,86771965,"""camera_color_left""",../data/images/frame0434.jpg
435,1603863814,190622091,"""camera_color_left""",../data/images/frame0435.jpg
436,1603863814,294621944,"""camera_color_left""",../data/images/frame0436.jpg
437,1603863814,398551940,"""camera_color_left""",../data/images/frame0437.jpg
438,1603863814,502412080,"""camera_color_left""",../data/images/frame0438.jpg
439,1603863814,606302022,"""camera_color_left""",../data/images/frame0439.jpg
440,1603863814,710011959,"""camera_color_left""",../data/images/frame0440.jpg
441,1603863814,813881874,"""camera_color_left""",../data/images/frame0441.jpg
442,1603863814,917622089,"""camera_color_left""",../data/images/frame0442.jpg
443,1603863815,21382093,"""camera_color_left""",../data/images/frame0443.jpg
444,1603863815,125102043,"""camera_color_left""",../data/images/frame0444.jpg
445,1603863815,228852033,"""camera_color_left""",../data/images/frame0445.jpg
446,1603863815,332592010,"""camera_color_left""",../data/images/frame0446.jpg
447,1603863815,436321973,"""camera_color_left""",../data/images/frame0447.jpg
448,1603863815,539942026,"""camera_color_left""",../data/images/frame0448.jpg
449,1603863815,643712043,"""camera_color_left""",../data/images/frame0449.jpg
450,1603863815,747292041,"""camera_color_left""",../data/images/frame0450.jpg
451,1603863815,850912094,"""camera_color_left""",../data/images/frame0451.jpg
452,1603863815,954531908,"""camera_color_left""",../data/images/frame0452.jpg
453,1603863816,58271884,"""camera_color_left""",../data/images/frame0453.jpg
454,1603863816,161881923,"""camera_color_left""",../data/images/frame0454.jpg
455,1603863816,266082048,"""camera_color_left""",../data/images/frame0455.jpg
456,1603863816,369112014,"""camera_color_left""",../data/images/frame0456.jpg
457,1603863816,472732067,"""camera_color_left""",../data/images/frame0457.jpg
458,1603863816,576341867,"""camera_color_left""",../data/images/frame0458.jpg
459,1603863816,679981946,"""camera_color_left""",../data/images/frame0459.jpg
460,1603863816,783601999,"""camera_color_left""",../data/images/frame0460.jpg
461,1603863816,887562036,"""camera_color_left""",../data/images/frame0461.jpg
462,1603863816,990931987,"""camera_color_left""",../data/images/frame0462.jpg
463,1603863817,94791889,"""camera_color_left""",../data/images/frame0463.jpg
464,1603863817,198292016,"""camera_color_left""",../data/images/frame0464.jpg
465,1603863817,302031993,"""camera_color_left""",../data/images/frame0465.jpg
466,1603863817,406051874,"""camera_color_left""",../data/images/frame0466.jpg
467,1603863817,509811878,"""camera_color_left""",../data/images/frame0467.jpg
468,1603863817,613152027,"""camera_color_left""",../data/images/frame0468.jpg
469,1603863817,716892004,"""camera_color_left""",../data/images/frame0469.jpg
470,1603863817,820542097,"""camera_color_left""",../data/images/frame0470.jpg
471,1603863817,924232006,"""camera_color_left""",../data/images/frame0471.jpg
472,1603863818,27961969,"""camera_color_left""",../data/images/frame0472.jpg
473,1603863818,131572008,"""camera_color_left""",../data/images/frame0473.jpg
474,1603863818,235332012,"""camera_color_left""",../data/images/frame0474.jpg
475,1603863818,338932037,"""camera_color_left""",../data/images/frame0475.jpg
476,1603863818,442562103,"""camera_color_left""",../data/images/frame0476.jpg
477,1603863818,546302080,"""camera_color_left""",../data/images/frame0477.jpg
478,1603863818,649902105,"""camera_color_left""",../data/images/frame0478.jpg
479,1603863818,753511905,"""camera_color_left""",../data/images/frame0479.jpg
480,1603863818,857251882,"""camera_color_left""",../data/images/frame0480.jpg
481,1603863818,960871934,"""camera_color_left""",../data/images/frame0481.jpg
482,1603863819,64611911,"""camera_color_left""",../data/images/frame0482.jpg
483,1603863819,168231964,"""camera_color_left""",../data/images/frame0483.jpg
484,1603863819,271842002,"""camera_color_left""",../data/images/frame0484.jpg
485,1603863819,375581979,"""camera_color_left""",../data/images/frame0485.jpg
486,1603863819,479321956,"""camera_color_left""",../data/images/frame0486.jpg
487,1603863819,582962036,"""camera_color_left""",../data/images/frame0487.jpg
488,1603863819,686552047,"""camera_color_left""",../data/images/frame0488.jpg
489,1603863819,790302038,"""camera_color_left""",../data/images/frame0489.jpg
490,1603863819,894062042,"""camera_color_left""",../data/images/frame0490.jpg
491,1603863819,997652053,"""camera_color_left""",../data/images/frame0491.jpg
492,1603863820,101392030,"""camera_color_left""",../data/images/frame0492.jpg
493,1603863820,205142021,"""camera_color_left""",../data/images/frame0493.jpg
494,1603863820,308752059,"""camera_color_left""",../data/images/frame0494.jpg
495,1603863820,412512063,"""camera_color_left""",../data/images/frame0495.jpg
496,1603863820,516131877,"""camera_color_left""",../data/images/frame0496.jpg
497,1603863820,619852066,"""camera_color_left""",../data/images/frame0497.jpg
498,1603863820,723592042,"""camera_color_left""",../data/images/frame0498.jpg
499,1603863820,827202081,"""camera_color_left""",../data/images/frame0499.jpg
500,1603863820,930831909,"""camera_color_left""",../data/images/frame0500.jpg
501,1603863821,34561872,"""camera_color_left""",../data/images/frame0501.jpg
502,1603863821,138171911,"""camera_color_left""",../data/images/frame0502.jpg
503,1603863821,241781949,"""camera_color_left""",../data/images/frame0503.jpg
504,1603863821,345422029,"""camera_color_left""",../data/images/frame0504.jpg
505,1603863821,449141979,"""camera_color_left""",../data/images/frame0505.jpg
506,1603863821,552762031,"""camera_color_left""",../data/images/frame0506.jpg
507,1603863821,656532049,"""camera_color_left""",../data/images/frame0507.jpg
508,1603863821,760112047,"""camera_color_left""",../data/images/frame0508.jpg
509,1603863821,863732099,"""camera_color_left""",../data/images/frame0509.jpg
510,1603863821,967341899,"""camera_color_left""",../data/images/frame0510.jpg
511,1603863822,71111917,"""camera_color_left""",../data/images/frame0511.jpg
512,1603863822,174711942,"""camera_color_left""",../data/images/frame0512.jpg
513,1603863822,278342008,"""camera_color_left""",../data/images/frame0513.jpg
514,1603863822,382081985,"""camera_color_left""",../data/images/frame0514.jpg
515,1603863822,485801935,"""camera_color_left""",../data/images/frame0515.jpg
516,1603863822,589411973,"""camera_color_left""",../data/images/frame0516.jpg
517,1603863822,693032026,"""camera_color_left""",../data/images/frame0517.jpg
518,1603863822,796662092,"""camera_color_left""",../data/images/frame0518.jpg
519,1603863822,900261878,"""camera_color_left""",../data/images/frame0519.jpg
520,1603863823,3901958,"""camera_color_left""",../data/images/frame0520.jpg
521,1603863823,107631921,"""camera_color_left""",../data/images/frame0521.jpg
522,1603863823,211231946,"""camera_color_left""",../data/images/frame0522.jpg
523,1603863823,314851999,"""camera_color_left""",../data/images/frame0523.jpg
524,1603863823,418591976,"""camera_color_left""",../data/images/frame0524.jpg
525,1603863823,522222042,"""camera_color_left""",../data/images/frame0525.jpg
526,1603863823,625952005,"""camera_color_left""",../data/images/frame0526.jpg
527,1603863823,729562044,"""camera_color_left""",../data/images/frame0527.jpg
528,1603863823,833172082,"""camera_color_left""",../data/images/frame0528.jpg
529,1603863823,936791896,"""camera_color_left""",../data/images/frame0529.jpg
530,1603863824,40551900,"""camera_color_left""",../data/images/frame0530.jpg
531,1603863824,144161939,"""camera_color_left""",../data/images/frame0531.jpg
532,1603863824,247802019,"""camera_color_left""",../data/images/frame0532.jpg
533,1603863824,351402044,"""camera_color_left""",../data/images/frame0533.jpg
534,1603863824,454992055,"""camera_color_left""",../data/images/frame0534.jpg
535,1603863824,558651924,"""camera_color_left""",../data/images/frame0535.jpg
536,1603863824,662241935,"""camera_color_left""",../data/images/frame0536.jpg
537,1603863824,765841960,"""camera_color_left""",../data/images/frame0537.jpg
538,1603863824,869462013,"""camera_color_left""",../data/images/frame0538.jpg
539,1603863824,973201990,"""camera_color_left""",../data/images/frame0539.jpg
540,1603863825,76832056,"""camera_color_left""",../data/images/frame0540.jpg
541,1603863825,180432081,"""camera_color_left""",../data/images/frame0541.jpg
542,1603863825,284172058,"""camera_color_left""",../data/images/frame0542.jpg
543,1603863825,387942075,"""camera_color_left""",../data/images/frame0543.jpg
544,1603863825,491532087,"""camera_color_left""",../data/images/frame0544.jpg
545,1603863825,595161914,"""camera_color_left""",../data/images/frame0545.jpg
546,1603863825,698771953,"""camera_color_left""",../data/images/frame0546.jpg
547,1603863825,802592039,"""camera_color_left""",../data/images/frame0547.jpg
548,1603863825,906172037,"""camera_color_left""",../data/images/frame0548.jpg
549,1603863826,9881973,"""camera_color_left""",../data/images/frame0549.jpg
550,1603863826,113471984,"""camera_color_left""",../data/images/frame0550.jpg
551,1603863826,217112064,"""camera_color_left""",../data/images/frame0551.jpg
552,1603863826,320822000,"""camera_color_left""",../data/images/frame0552.jpg
553,1603863826,424442052,"""camera_color_left""",../data/images/frame0553.jpg
554,1603863826,528182029,"""camera_color_left""",../data/images/frame0554.jpg
555,1603863826,631792068,"""camera_color_left""",../data/images/frame0555.jpg
556,1603863826,735552072,"""camera_color_left""",../data/images/frame0556.jpg
557,1603863826,839152097,"""camera_color_left""",../data/images/frame0557.jpg
558,1603863826,942912101,"""camera_color_left""",../data/images/frame0558.jpg
559,1603863827,46511888,"""camera_color_left""",../data/images/frame0559.jpg
560,1603863827,150281906,"""camera_color_left""",../data/images/frame0560.jpg
561,1603863827,253992080,"""camera_color_left""",../data/images/frame0561.jpg
562,1603863827,357621908,"""camera_color_left""",../data/images/frame0562.jpg
563,1603863827,461342096,"""camera_color_left""",../data/images/frame0563.jpg
564,1603863827,565301895,"""camera_color_left""",../data/images/frame0564.jpg
565,1603863827,668951988,"""camera_color_left""",../data/images/frame0565.jpg
566,1603863827,772701978,"""camera_color_left""",../data/images/frame0566.jpg
567,1603863827,876431941,"""camera_color_left""",../data/images/frame0567.jpg
568,1603863827,980302095,"""camera_color_left""",../data/images/frame0568.jpg
569,1603863828,84321975,"""camera_color_left""",../data/images/frame0569.jpg
570,1603863828,187982082,"""camera_color_left""",../data/images/frame0570.jpg
571,1603863828,291971921,"""camera_color_left""",../data/images/frame0571.jpg
572,1603863828,395502090,"""camera_color_left""",../data/images/frame0572.jpg
573,1603863828,499392032,"""camera_color_left""",../data/images/frame0573.jpg
574,1603863828,603202104,"""camera_color_left""",../data/images/frame0574.jpg
575,1603863828,706981897,"""camera_color_left""",../data/images/frame0575.jpg
576,1603863828,810811996,"""camera_color_left""",../data/images/frame0576.jpg
577,1603863828,914481878,"""camera_color_left""",../data/images/frame0577.jpg
578,1603863829,18202066,"""camera_color_left""",../data/images/frame0578.jpg
579,1603863829,121831893,"""camera_color_left""",../data/images/frame0579.jpg
580,1603863829,225471973,"""camera_color_left""",../data/images/frame0580.jpg
581,1603863829,329051971,"""camera_color_left""",../data/images/frame0581.jpg
582,1603863829,432662010,"""camera_color_left""",../data/images/frame0582.jpg
583,1603863829,536151885,"""camera_color_left""",../data/images/frame0583.jpg
584,1603863829,639771938,"""camera_color_left""",../data/images/frame0584.jpg
585,1603863829,743262052,"""camera_color_left""",../data/images/frame0585.jpg
586,1603863829,846751928,"""camera_color_left""",../data/images/frame0586.jpg
587,1603863829,950102090,"""camera_color_left""",../data/images/frame0587.jpg
588,1603863830,54941892,"""camera_color_left""",../data/images/frame0588.jpg
589,1603863830,156991958,"""camera_color_left""",../data/images/frame0589.jpg
590,1603863830,260331869,"""camera_color_left""",../data/images/frame0590.jpg
591,1603863830,363702058,"""camera_color_left""",../data/images/frame0591.jpg
592,1603863830,467061996,"""camera_color_left""",../data/images/frame0592.jpg
593,1603863830,570431947,"""camera_color_left""",../data/images/frame0593.jpg
594,1603863830,673942089,"""camera_color_left""",../data/images/frame0594.jpg
595,1603863830,777421951,"""camera_color_left""",../data/images/frame0595.jpg
596,1603863830,880902051,"""camera_color_left""",../data/images/frame0596.jpg
597,1603863830,984401941,"""camera_color_left""",../data/images/frame0597.jpg
598,1603863831,88011980,"""camera_color_left""",../data/images/frame0598.jpg
599,1603863831,191622018,"""camera_color_left""",../data/images/frame0599.jpg
600,1603863831,295121908,"""camera_color_left""",../data/images/frame0600.jpg
601,1603863831,398731946,"""camera_color_left""",../data/images/frame0601.jpg
602,1603863831,502351999,"""camera_color_left""",../data/images/frame0602.jpg
603,1603863831,606091976,"""camera_color_left""",../data/images/frame0603.jpg
604,1603863831,709702014,"""camera_color_left""",../data/images/frame0604.jpg
605,1603863831,813452005,"""camera_color_left""",../data/images/frame0605.jpg
606,1603863831,917191982,"""camera_color_left""",../data/images/frame0606.jpg
607,1603863832,20822048,"""camera_color_left""",../data/images/frame0607.jpg
608,1603863832,124422073,"""camera_color_left""",../data/images/frame0608.jpg
609,1603863832,228172063,"""camera_color_left""",../data/images/frame0609.jpg
610,1603863832,331821918,"""camera_color_left""",../data/images/frame0610.jpg
611,1603863832,435381889,"""camera_color_left""",../data/images/frame0611.jpg
612,1603863832,539131879,"""camera_color_left""",../data/images/frame0612.jpg
613,1603863832,642911911,"""camera_color_left""",../data/images/frame0613.jpg
614,1603863832,746501922,"""camera_color_left""",../data/images/frame0614.jpg
615,1603863832,850142002,"""camera_color_left""",../data/images/frame0615.jpg
616,1603863832,953841924,"""camera_color_left""",../data/images/frame0616.jpg
617,1603863833,57542085,"""camera_color_left""",../data/images/frame0617.jpg
618,1603863833,161191940,"""camera_color_left""",../data/images/frame0618.jpg
619,1603863833,265032052,"""camera_color_left""",../data/images/frame0619.jpg
620,1603863833,368422031,"""camera_color_left""",../data/images/frame0620.jpg
621,1603863833,472052097,"""camera_color_left""",../data/images/frame0621.jpg
622,1603863833,575821876,"""camera_color_left""",../data/images/frame0622.jpg
623,1603863833,679311990,"""camera_color_left""",../data/images/frame0623.jpg
624,1603863833,782991886,"""camera_color_left""",../data/images/frame0624.jpg
625,1603863833,886631965,"""camera_color_left""",../data/images/frame0625.jpg
626,1603863833,990242004,"""camera_color_left""",../data/images/frame0626.jpg
627,1603863834,93862056,"""camera_color_left""",../data/images/frame0627.jpg
628,1603863834,197472095,"""camera_color_left""",../data/images/frame0628.jpg
629,1603863834,301141977,"""camera_color_left""",../data/images/frame0629.jpg
630,1603863834,404831886,"""camera_color_left""",../data/images/frame0630.jpg
631,1603863834,508441925,"""camera_color_left""",../data/images/frame0631.jpg
632,1603863834,612061977,"""camera_color_left""",../data/images/frame0632.jpg
633,1603863834,715791940,"""camera_color_left""",../data/images/frame0633.jpg
634,1603863834,819442033,"""camera_color_left""",../data/images/frame0634.jpg
635,1603863834,923161983,"""camera_color_left""",../data/images/frame0635.jpg
636,1603863835,26772022,"""camera_color_left""",../data/images/frame0636.jpg
637,1603863835,130511999,"""camera_color_left""",../data/images/frame0637.jpg
638,1603863835,234132051,"""camera_color_left""",../data/images/frame0638.jpg
639,1603863835,337872028,"""camera_color_left""",../data/images/frame0639.jpg
640,1603863835,441482067,"""camera_color_left""",../data/images/frame0640.jpg
641,1603863835,545171976,"""camera_color_left""",../data/images/frame0641.jpg
642,1603863835,648832082,"""camera_color_left""",../data/images/frame0642.jpg
643,1603863835,752471923,"""camera_color_left""",../data/images/frame0643.jpg
644,1603863835,856101989,"""camera_color_left""",../data/images/frame0644.jpg
645,1603863835,959791898,"""camera_color_left""",../data/images/frame0645.jpg
646,1603863836,63492059,"""camera_color_left""",../data/images/frame0646.jpg
647,1603863836,167171955,"""camera_color_left""",../data/images/frame0647.jpg
648,1603863836,270852088,"""camera_color_left""",../data/images/frame0648.jpg
649,1603863836,374422073,"""camera_color_left""",../data/images/frame0649.jpg
650,1603863836,478142023,"""camera_color_left""",../data/images/frame0650.jpg
651,1603863836,581791877,"""camera_color_left""",../data/images/frame0651.jpg
652,1603863836,685371875,"""camera_color_left""",../data/images/frame0652.jpg
653,1603863836,789112091,"""camera_color_left""",../data/images/frame0653.jpg
654,1603863836,892731904,"""camera_color_left""",../data/images/frame0654.jpg
655,1603863836,996471881,"""camera_color_left""",../data/images/frame0655.jpg
656,1603863837,100091934,"""camera_color_left""",../data/images/frame0656.jpg
657,1603863837,203821897,"""camera_color_left""",../data/images/frame0657.jpg
658,1603863837,307522058,"""camera_color_left""",../data/images/frame0658.jpg
659,1603863837,411201953,"""camera_color_left""",../data/images/frame0659.jpg
660,1603863837,514842033,"""camera_color_left""",../data/images/frame0660.jpg
661,1603863837,618531942,"""camera_color_left""",../data/images/frame0661.jpg
662,1603863837,722151994,"""camera_color_left""",../data/images/frame0662.jpg
663,1603863837,825911998,"""camera_color_left""",../data/images/frame0663.jpg
664,1603863837,929502010,"""camera_color_left""",../data/images/frame0664.jpg
665,1603863838,33132076,"""camera_color_left""",../data/images/frame0665.jpg
666,1603863838,136862039,"""camera_color_left""",../data/images/frame0666.jpg
667,1603863838,240602016,"""camera_color_left""",../data/images/frame0667.jpg
668,1603863838,344232082,"""camera_color_left""",../data/images/frame0668.jpg
669,1603863838,447831869,"""camera_color_left""",../data/images/frame0669.jpg
670,1603863838,551572084,"""camera_color_left""",../data/images/frame0670.jpg
671,1603863838,655191898,"""camera_color_left""",../data/images/frame0671.jpg
672,1603863838,758811950,"""camera_color_left""",../data/images/frame0672.jpg
673,1603863838,862571954,"""camera_color_left""",../data/images/frame0673.jpg
674,1603863838,966161966,"""camera_color_left""",../data/images/frame0674.jpg
675,1603863839,69802045,"""camera_color_left""",../data/images/frame0675.jpg
676,1603863839,173402070,"""camera_color_left""",../data/images/frame0676.jpg
677,1603863839,277021884,"""camera_color_left""",../data/images/frame0677.jpg
678,1603863839,380631923,"""camera_color_left""",../data/images/frame0678.jpg
679,1603863839,484361886,"""camera_color_left""",../data/images/frame0679.jpg
680,1603863839,588052034,"""camera_color_left""",../data/images/frame0680.jpg
681,1603863839,691601991,"""camera_color_left""",../data/images/frame0681.jpg
682,1603863839,795212030,"""camera_color_left""",../data/images/frame0682.jpg
683,1603863839,898851871,"""camera_color_left""",../data/images/frame0683.jpg
684,1603863840,2451896,"""camera_color_left""",../data/images/frame0684.jpg
685,1603863840,106122016,"""camera_color_left""",../data/images/frame0685.jpg
686,1603863840,209692001,"""camera_color_left""",../data/images/frame0686.jpg
687,1603863840,313441991,"""camera_color_left""",../data/images/frame0687.jpg
688,1603863840,417032003,"""camera_color_left""",../data/images/frame0688.jpg
689,1603863840,520652055,"""camera_color_left""",../data/images/frame0689.jpg
690,1603863840,624262094,"""camera_color_left""",../data/images/frame0690.jpg
691,1603863840,727921962,"""camera_color_left""",../data/images/frame0691.jpg
692,1603863840,831641912,"""camera_color_left""",../data/images/frame0692.jpg
693,1603863840,935241937,"""camera_color_left""",../data/images/frame0693.jpg
694,1603863841,38971900,"""camera_color_left""",../data/images/frame0694.jpg
695,1603863841,142711877,"""camera_color_left""",../data/images/frame0695.jpg
696,1603863841,246392011,"""camera_color_left""",../data/images/frame0696.jpg
697,1603863841,350071907,"""camera_color_left""",../data/images/frame0697.jpg
698,1603863841,453691959,"""camera_color_left""",../data/images/frame0698.jpg
699,1603863841,557312011,"""camera_color_left""",../data/images/frame0699.jpg
700,1603863841,661102056,"""camera_color_left""",../data/images/frame0700.jpg
701,1603863841,764761924,"""camera_color_left""",../data/images/frame0701.jpg
702,1603863841,868341922,"""camera_color_left""",../data/images/frame0702.jpg
703,1603863841,972042083,"""camera_color_left""",../data/images/frame0703.jpg
704,1603863842,75632095,"""camera_color_left""",../data/images/frame0704.jpg
705,1603863842,179372072,"""camera_color_left""",../data/images/frame0705.jpg
706,1603863842,283082008,"""camera_color_left""",../data/images/frame0706.jpg
707,1603863842,386601924,"""camera_color_left""",../data/images/frame0707.jpg
708,1603863842,490231990,"""camera_color_left""",../data/images/frame0708.jpg
709,1603863842,593852043,"""camera_color_left""",../data/images/frame0709.jpg
710,1603863842,697462081,"""camera_color_left""",../data/images/frame0710.jpg
711,1603863842,801061868,"""camera_color_left""",../data/images/frame0711.jpg
712,1603863842,904742002,"""camera_color_left""",../data/images/frame0712.jpg
713,1603863843,8162021,"""camera_color_left""",../data/images/frame0713.jpg
714,1603863843,111811876,"""camera_color_left""",../data/images/frame0714.jpg
715,1603863843,215281963,"""camera_color_left""",../data/images/frame0715.jpg
716,1603863843,318851947,"""camera_color_left""",../data/images/frame0716.jpg
717,1603863843,422251939,"""camera_color_left""",../data/images/frame0717.jpg
718,1603863843,525742053,"""camera_color_left""",../data/images/frame0718.jpg
719,1603863843,629271984,"""camera_color_left""",../data/images/frame0719.jpg
720,1603863843,732611894,"""camera_color_left""",../data/images/frame0720.jpg
721,1603863843,835972070,"""camera_color_left""",../data/images/frame0721.jpg
722,1603863843,939481973,"""camera_color_left""",../data/images/frame0722.jpg
723,1603863844,42821884,"""camera_color_left""",../data/images/frame0723.jpg
724,1603863844,146311998,"""camera_color_left""",../data/images/frame0724.jpg
725,1603863844,249801874,"""camera_color_left""",../data/images/frame0725.jpg
726,1603863844,353172063,"""camera_color_left""",../data/images/frame0726.jpg
727,1603863844,456661939,"""camera_color_left""",../data/images/frame0727.jpg
728,1603863844,560152053,"""camera_color_left""",../data/images/frame0728.jpg
729,1603863844,663542032,"""camera_color_left""",../data/images/frame0729.jpg
730,1603863844,767021894,"""camera_color_left""",../data/images/frame0730.jpg
731,1603863844,870641946,"""camera_color_left""",../data/images/frame0731.jpg
732,1603863844,974191904,"""camera_color_left""",../data/images/frame0732.jpg
733,1603863845,77732086,"""camera_color_left""",../data/images/frame0733.jpg
734,1603863845,181221961,"""camera_color_left""",../data/images/frame0734.jpg
735,1603863845,284832000,"""camera_color_left""",../data/images/frame0735.jpg
736,1603863845,388452053,"""camera_color_left""",../data/images/frame0736.jpg
737,1603863845,492062091,"""camera_color_left""",../data/images/frame0737.jpg
738,1603863845,595772027,"""camera_color_left""",../data/images/frame0738.jpg
739,1603863845,699291944,"""camera_color_left""",../data/images/frame0739.jpg
740,1603863845,803041934,"""camera_color_left""",../data/images/frame0740.jpg
741,1603863845,906902074,"""camera_color_left""",../data/images/frame0741.jpg
742,1603863846,10792016,"""camera_color_left""",../data/images/frame0742.jpg
743,1603863846,114762067,"""camera_color_left""",../data/images/frame0743.jpg
744,1603863846,218771934,"""camera_color_left""",../data/images/frame0744.jpg
745,1603863846,322861909,"""camera_color_left""",../data/images/frame0745.jpg
746,1603863846,426991939,"""camera_color_left""",../data/images/frame0746.jpg
747,1603863846,531212091,"""camera_color_left""",../data/images/frame0747.jpg
748,1603863846,635351896,"""camera_color_left""",../data/images/frame0748.jpg
749,1603863846,739572048,"""camera_color_left""",../data/images/frame0749.jpg
750,1603863846,843692064,"""camera_color_left""",../data/images/frame0750.jpg
751,1603863846,947812080,"""camera_color_left""",../data/images/frame0751.jpg
752,1603863847,51951885,"""camera_color_left""",../data/images/frame0752.jpg
753,1603863847,155812025,"""camera_color_left""",../data/images/frame0753.jpg
754,1603863847,259752035,"""camera_color_left""",../data/images/frame0754.jpg
755,1603863847,363581895,"""camera_color_left""",../data/images/frame0755.jpg
756,1603863847,467381954,"""camera_color_left""",../data/images/frame0756.jpg
757,1603863847,571171998,"""camera_color_left""",../data/images/frame0757.jpg
758,1603863847,674871921,"""camera_color_left""",../data/images/frame0758.jpg
759,1603863847,778601884,"""camera_color_left""",../data/images/frame0759.jpg
760,1603863847,882351875,"""camera_color_left""",../data/images/frame0760.jpg
761,1603863847,986072063,"""camera_color_left""",../data/images/frame0761.jpg
762,1603863848,89701890,"""camera_color_left""",../data/images/frame0762.jpg
763,1603863848,193471908,"""camera_color_left""",../data/images/frame0763.jpg
764,1603863848,297051906,"""camera_color_left""",../data/images/frame0764.jpg
765,1603863848,400701999,"""camera_color_left""",../data/images/frame0765.jpg
766,1603863848,504411935,"""camera_color_left""",../data/images/frame0766.jpg
767,1603863848,608031988,"""camera_color_left""",../data/images/frame0767.jpg
768,1603863848,711652040,"""camera_color_left""",../data/images/frame0768.jpg
769,1603863848,815392017,"""camera_color_left""",../data/images/frame0769.jpg
770,1603863848,919002056,"""camera_color_left""",../data/images/frame0770.jpg
771,1603863849,22621870,"""camera_color_left""",../data/images/frame0771.jpg
772,1603863849,126291990,"""camera_color_left""",../data/images/frame0772.jpg
773,1603863849,229871988,"""camera_color_left""",../data/images/frame0773.jpg
774,1603863849,333591938,"""camera_color_left""",../data/images/frame0774.jpg
775,1603863849,437232017,"""camera_color_left""",../data/images/frame0775.jpg
776,1603863849,540822029,"""camera_color_left""",../data/images/frame0776.jpg
777,1603863849,644432067,"""camera_color_left""",../data/images/frame0777.jpg
778,1603863849,748051881,"""camera_color_left""",../data/images/frame0778.jpg
779,1603863849,851671934,"""camera_color_left""",../data/images/frame0779.jpg
780,1603863849,955281972,"""camera_color_left""",../data/images/frame0780.jpg
781,1603863850,58902025,"""camera_color_left""",../data/images/frame0781.jpg
782,1603863850,162522077,"""camera_color_left""",../data/images/frame0782.jpg
783,1603863850,266272068,"""camera_color_left""",../data/images/frame0783.jpg
784,1603863850,369872093,"""camera_color_left""",../data/images/frame0784.jpg
785,1603863850,473612070,"""camera_color_left""",../data/images/frame0785.jpg
786,1603863850,577221870,"""camera_color_left""",../data/images/frame0786.jpg
787,1603863850,680981874,"""camera_color_left""",../data/images/frame0787.jpg
788,1603863850,784581899,"""camera_color_left""",../data/images/frame0788.jpg
789,1603863850,888341903,"""camera_color_left""",../data/images/frame0789.jpg
790,1603863850,991931915,"""camera_color_left""",../data/images/frame0790.jpg
791,1603863851,95701932,"""camera_color_left""",../data/images/frame0791.jpg
792,1603863851,199421882,"""camera_color_left""",../data/images/frame0792.jpg
793,1603863851,303171873,"""camera_color_left""",../data/images/frame0793.jpg
794,1603863851,406771898,"""camera_color_left""",../data/images/frame0794.jpg
795,1603863851,510391950,"""camera_color_left""",../data/images/frame0795.jpg
796,1603863851,614181995,"""camera_color_left""",../data/images/frame0796.jpg
797,1603863851,717751979,"""camera_color_left""",../data/images/frame0797.jpg
798,1603863851,821582078,"""camera_color_left""",../data/images/frame0798.jpg
799,1603863851,925122022,"""camera_color_left""",../data/images/frame0799.jpg
800,1603863852,28912067,"""camera_color_left""",../data/images/frame0800.jpg
801,1603863852,132332086,"""camera_color_left""",../data/images/frame0801.jpg
802,1603863852,235951900,"""camera_color_left""",../data/images/frame0802.jpg
803,1603863852,339802026,"""camera_color_left""",../data/images/frame0803.jpg
804,1603863852,443361997,"""camera_color_left""",../data/images/frame0804.jpg
805,1603863852,546962022,"""camera_color_left""",../data/images/frame0805.jpg
806,1603863852,650681972,"""camera_color_left""",../data/images/frame0806.jpg
807,1603863852,754322052,"""camera_color_left""",../data/images/frame0807.jpg
808,1603863852,857912063,"""camera_color_left""",../data/images/frame0808.jpg
809,1603863852,961512088,"""camera_color_left""",../data/images/frame0809.jpg
810,1603863853,65161943,"""camera_color_left""",../data/images/frame0810.jpg
811,1603863853,168901920,"""camera_color_left""",../data/images/frame0811.jpg
812,1603863853,272471904,"""camera_color_left""",../data/images/frame0812.jpg
813,1603863853,376281976,"""camera_color_left""",../data/images/frame0813.jpg
814,1603863853,479952096,"""camera_color_left""",../data/images/frame0814.jpg
815,1603863853,583541870,"""camera_color_left""",../data/images/frame0815.jpg
816,1603863853,687211990,"""camera_color_left""",../data/images/frame0816.jpg
817,1603863853,790872097,"""camera_color_left""",../data/images/frame0817.jpg
818,1603863853,894711971,"""camera_color_left""",../data/images/frame0818.jpg
819,1603863853,998251914,"""camera_color_left""",../data/images/frame0819.jpg
820,1603863854,101782083,"""camera_color_left""",../data/images/frame0820.jpg
821,1603863854,205391883,"""camera_color_left""",../data/images/frame0821.jpg
822,1603863854,309881925,"""camera_color_left""",../data/images/frame0822.jpg
823,1603863854,412712097,"""camera_color_left""",../data/images/frame0823.jpg
824,1603863854,516381978,"""camera_color_left""",../data/images/frame0824.jpg
825,1603863854,619982004,"""camera_color_left""",../data/images/frame0825.jpg
826,1603863854,723752021,"""camera_color_left""",../data/images/frame0826.jpg
827,1603863854,827342033,"""camera_color_left""",../data/images/frame0827.jpg
828,1603863854,931092023,"""camera_color_left""",../data/images/frame0828.jpg
829,1603863855,34712076,"""camera_color_left""",../data/images/frame0829.jpg
830,1603863855,138452053,"""camera_color_left""",../data/images/frame0830.jpg
831,1603863855,242382049,"""camera_color_left""",../data/images/frame0831.jpg
832,1603863855,345841884,"""camera_color_left""",../data/images/frame0832.jpg
833,1603863855,449421882,"""camera_color_left""",../data/images/frame0833.jpg
834,1603863855,553241968,"""camera_color_left""",../data/images/frame0834.jpg
835,1603863855,656761884,"""camera_color_left""",../data/images/frame0835.jpg
836,1603863855,760521888,"""camera_color_left""",../data/images/frame0836.jpg
837,1603863855,864181995,"""camera_color_left""",../data/images/frame0837.jpg
838,1603863855,967851877,"""camera_color_left""",../data/images/frame0838.jpg
839,1603863856,71481943,"""camera_color_left""",../data/images/frame0839.jpg
840,1603863856,175231933,"""camera_color_left""",../data/images/frame0840.jpg
841,1603863856,278821945,"""camera_color_left""",../data/images/frame0841.jpg
842,1603863856,382662057,"""camera_color_left""",../data/images/frame0842.jpg
843,1603863856,486531972,"""camera_color_left""",../data/images/frame0843.jpg
844,1603863856,589982032,"""camera_color_left""",../data/images/frame0844.jpg
845,1603863856,693602085,"""camera_color_left""",../data/images/frame0845.jpg
846,1603863856,797281980,"""camera_color_left""",../data/images/frame0846.jpg
847,1603863856,901092052,"""camera_color_left""",../data/images/frame0847.jpg
848,1603863857,4751920,"""camera_color_left""",../data/images/frame0848.jpg
849,1603863857,108371973,"""camera_color_left""",../data/images/frame0849.jpg
850,1603863857,211992025,"""camera_color_left""",../data/images/frame0850.jpg
851,1603863857,315742015,"""camera_color_left""",../data/images/frame0851.jpg
852,1603863857,419342041,"""camera_color_left""",../data/images/frame0852.jpg
853,1603863857,523082017,"""camera_color_left""",../data/images/frame0853.jpg
854,1603863857,626692056,"""camera_color_left""",../data/images/frame0854.jpg
855,1603863857,730432033,"""camera_color_left""",../data/images/frame0855.jpg
856,1603863857,834182024,"""camera_color_left""",../data/images/frame0856.jpg
857,1603863857,937792062,"""camera_color_left""",../data/images/frame0857.jpg
858,1603863858,41552066,"""camera_color_left""",../data/images/frame0858.jpg
859,1603863858,145152091,"""camera_color_left""",../data/images/frame0859.jpg
860,1603863858,248912096,"""camera_color_left""",../data/images/frame0860.jpg
861,1603863858,352652072,"""camera_color_left""",../data/images/frame0861.jpg
862,1603863858,456252098,"""camera_color_left""",../data/images/frame0862.jpg
863,1603863858,559992074,"""camera_color_left""",../data/images/frame0863.jpg
864,1603863858,663601875,"""camera_color_left""",../data/images/frame0864.jpg
865,1603863858,767342090,"""camera_color_left""",../data/images/frame0865.jpg
866,1603863858,870961904,"""camera_color_left""",../data/images/frame0866.jpg
867,1603863858,974581956,"""camera_color_left""",../data/images/frame0867.jpg
868,1603863859,78181982,"""camera_color_left""",../data/images/frame0868.jpg
869,1603863859,181802034,"""camera_color_left""",../data/images/frame0869.jpg
870,1603863859,285422086,"""camera_color_left""",../data/images/frame0870.jpg
871,1603863859,389041900,"""camera_color_left""",../data/images/frame0871.jpg
872,1603863859,492651939,"""camera_color_left""",../data/images/frame0872.jpg
873,1603863859,596271991,"""camera_color_left""",../data/images/frame0873.jpg
874,1603863859,699882030,"""camera_color_left""",../data/images/frame0874.jpg
875,1603863859,803502082,"""camera_color_left""",../data/images/frame0875.jpg
876,1603863859,907242059,"""camera_color_left""",../data/images/frame0876.jpg
877,1603863860,10871887,"""camera_color_left""",../data/images/frame0877.jpg
878,1603863860,114471912,"""camera_color_left""",../data/images/frame0878.jpg
879,1603863860,218081951,"""camera_color_left""",../data/images/frame0879.jpg
880,1603863860,321702003,"""camera_color_left""",../data/images/frame0880.jpg
881,1603863860,425312042,"""camera_color_left""",../data/images/frame0881.jpg
882,1603863860,529062032,"""camera_color_left""",../data/images/frame0882.jpg
883,1603863860,632672071,"""camera_color_left""",../data/images/frame0883.jpg
884,1603863860,736281871,"""camera_color_left""",../data/images/frame0884.jpg
885,1603863860,840032100,"""camera_color_left""",../data/images/frame0885.jpg
886,1603863860,943671941,"""camera_color_left""",../data/images/frame0886.jpg
887,1603863861,47132015,"""camera_color_left""",../data/images/frame0887.jpg
888,1603863861,150772094,"""camera_color_left""",../data/images/frame0888.jpg
889,1603863861,254361867,"""camera_color_left""",../data/images/frame0889.jpg
890,1603863861,357981920,"""camera_color_left""",../data/images/frame0890.jpg
891,1603863861,461591958,"""camera_color_left""",../data/images/frame0891.jpg
892,1603863861,565331935,"""camera_color_left""",../data/images/frame0892.jpg
893,1603863861,668951988,"""camera_color_left""",../data/images/frame0893.jpg
894,1603863861,772681951,"""camera_color_left""",../data/images/frame0894.jpg
895,1603863861,876322031,"""camera_color_left""",../data/images/frame0895.jpg
896,1603863861,980051994,"""camera_color_left""",../data/images/frame0896.jpg
897,1603863862,83751916,"""camera_color_left""",../data/images/frame0897.jpg
898,1603863862,187301874,"""camera_color_left""",../data/images/frame0898.jpg
899,1603863862,291022062,"""camera_color_left""",../data/images/frame0899.jpg
900,1603863862,394752025,"""camera_color_left""",../data/images/frame0900.jpg
901,1603863862,498401880,"""camera_color_left""",../data/images/frame0901.jpg
902,1603863862,602142095,"""camera_color_left""",../data/images/frame0902.jpg
903,1603863862,705852031,"""camera_color_left""",../data/images/frame0903.jpg
904,1603863862,809491872,"""camera_color_left""",../data/images/frame0904.jpg
905,1603863862,913232088,"""camera_color_left""",../data/images/frame0905.jpg
906,1603863863,16851902,"""camera_color_left""",../data/images/frame0906.jpg
907,1603863863,120451927,"""camera_color_left""",../data/images/frame0907.jpg
908,1603863863,224051952,"""camera_color_left""",../data/images/frame0908.jpg
909,1603863863,327791929,"""camera_color_left""",../data/images/frame0909.jpg
910,1603863863,431411981,"""camera_color_left""",../data/images/frame0910.jpg
911,1603863863,535052061,"""camera_color_left""",../data/images/frame0911.jpg
912,1603863863,638792037,"""camera_color_left""",../data/images/frame0912.jpg
913,1603863863,742402076,"""camera_color_left""",../data/images/frame0913.jpg
914,1603863863,846002101,"""camera_color_left""",../data/images/frame0914.jpg
915,1603863863,949621915,"""camera_color_left""",../data/images/frame0915.jpg
916,1603863864,53241968,"""camera_color_left""",../data/images/frame0916.jpg
917,1603863864,156981945,"""camera_color_left""",../data/images/frame0917.jpg
918,1603863864,260601997,"""camera_color_left""",../data/images/frame0918.jpg
919,1603863864,364202022,"""camera_color_left""",../data/images/frame0919.jpg
920,1603863864,467851877,"""camera_color_left""",../data/images/frame0920.jpg
921,1603863864,571641921,"""camera_color_left""",../data/images/frame0921.jpg
922,1603863864,675191879,"""camera_color_left""",../data/images/frame0922.jpg
923,1603863864,778811931,"""camera_color_left""",../data/images/frame0923.jpg
924,1603863864,882462024,"""camera_color_left""",../data/images/frame0924.jpg
925,1603863864,986032009,"""camera_color_left""",../data/images/frame0925.jpg
926,1603863865,89731931,"""camera_color_left""",../data/images/frame0926.jpg
927,1603863865,193341970,"""camera_color_left""",../data/images/frame0927.jpg
928,1603863865,296891927,"""camera_color_left""",../data/images/frame0928.jpg
929,1603863865,400362014,"""camera_color_left""",../data/images/frame0929.jpg
930,1603863865,503911972,"""camera_color_left""",../data/images/frame0930.jpg
931,1603863865,607222080,"""camera_color_left""",../data/images/frame0931.jpg
932,1603863865,710721969,"""camera_color_left""",../data/images/frame0932.jpg
933,1603863865,814071893,"""camera_color_left""",../data/images/frame0933.jpg
934,1603863865,917461872,"""camera_color_left""",../data/images/frame0934.jpg
935,1603863866,20822048,"""camera_color_left""",../data/images/frame0935.jpg
936,1603863866,124262094,"""camera_color_left""",../data/images/frame0936.jpg
937,1603863866,227521896,"""camera_color_left""",../data/images/frame0937.jpg
938,1603863866,330911874,"""camera_color_left""",../data/images/frame0938.jpg
939,1603863866,434401988,"""camera_color_left""",../data/images/frame0939.jpg
940,1603863866,537892103,"""camera_color_left""",../data/images/frame0940.jpg
941,1603863866,641391992,"""camera_color_left""",../data/images/frame0941.jpg
942,1603863866,744921922,"""camera_color_left""",../data/images/frame0942.jpg
943,1603863866,848351955,"""camera_color_left""",../data/images/frame0943.jpg
944,1603863866,951961994,"""camera_color_left""",../data/images/frame0944.jpg
945,1603863867,55481910,"""camera_color_left""",../data/images/frame0945.jpg
946,1603863867,159202098,"""camera_color_left""",../data/images/frame0946.jpg
947,1603863867,262831926,"""camera_color_left""",../data/images/frame0947.jpg
948,1603863867,366441965,"""camera_color_left""",../data/images/frame0948.jpg
949,1603863867,470571994,"""camera_color_left""",../data/images/frame0949.jpg
950,1603863867,573911905,"""camera_color_left""",../data/images/frame0950.jpg
951,1603863867,677792072,"""camera_color_left""",../data/images/frame0951.jpg
952,1603863867,781732082,"""camera_color_left""",../data/images/frame0952.jpg
953,1603863867,885652065,"""camera_color_left""",../data/images/frame0953.jpg
954,1603863867,989762067,"""camera_color_left""",../data/images/frame0954.jpg
955,1603863868,94202041,"""camera_color_left""",../data/images/frame0955.jpg
956,1603863868,198002099,"""camera_color_left""",../data/images/frame0956.jpg
957,1603863868,302102088,"""camera_color_left""",../data/images/frame0957.jpg
958,1603863868,406101942,"""camera_color_left""",../data/images/frame0958.jpg
959,1603863868,510201930,"""camera_color_left""",../data/images/frame0959.jpg
960,1603863868,614001989,"""camera_color_left""",../data/images/frame0960.jpg
961,1603863868,717802047,"""camera_color_left""",../data/images/frame0961.jpg
962,1603863868,821702003,"""camera_color_left""",../data/images/frame0962.jpg
963,1603863868,925601959,"""camera_color_left""",../data/images/frame0963.jpg
